target,accuracy,precision,recall,f1,roc_auc,best_params,train_samples,test_samples,train_positive_ratio
gait_asymmetry,1.0,1.0,1.0,1.0,1.0,"{'colsample_bytree': np.float64(0.749816047538945), 'gamma': np.float64(0.4753571532049581), 'learning_rate': np.float64(0.22959818254342154), 'max_depth': 7, 'min_child_weight': 5, 'n_estimators': 202, 'reg_alpha': np.float64(0.44583275285359114), 'reg_lambda': np.float64(0.6999498316360058), 'subsample': np.float64(0.7836995567863468)}",2506,624,0.257781324820431
trendelenburg_risk,0.9983974358974359,1.0,0.9935897435897436,0.9967845659163987,0.9999726057418366,"{'colsample_bytree': np.float64(0.749816047538945), 'gamma': np.float64(0.4753571532049581), 'learning_rate': np.float64(0.22959818254342154), 'max_depth': 7, 'min_child_weight': 5, 'n_estimators': 202, 'reg_alpha': np.float64(0.44583275285359114), 'reg_lambda': np.float64(0.6999498316360058), 'subsample': np.float64(0.7836995567863468)}",2506,624,0.2501995211492418
trunk_instability,1.0,1.0,1.0,1.0,1.0,"{'colsample_bytree': np.float64(0.9895022075365837), 'gamma': np.float64(0.11638567021515211), 'learning_rate': np.float64(0.03718193035984624), 'max_depth': 5, 'min_child_weight': 7, 'n_estimators': 343, 'reg_alpha': np.float64(0.5924145688620425), 'reg_lambda': np.float64(0.5929008254399954), 'subsample': np.float64(0.8430179407605753)}",2506,624,0.25059856344772546
spinal_misalignment,1.0,1.0,1.0,1.0,1.0,"{'colsample_bytree': np.float64(0.749816047538945), 'gamma': np.float64(0.4753571532049581), 'learning_rate': np.float64(0.22959818254342154), 'max_depth': 7, 'min_child_weight': 5, 'n_estimators': 202, 'reg_alpha': np.float64(0.44583275285359114), 'reg_lambda': np.float64(0.6999498316360058), 'subsample': np.float64(0.7836995567863468)}",2506,624,0.24620909816440542
composite_risk,0.9967948717948718,1.0,0.9894179894179894,0.9946808510638298,0.9999270206166757,"{'colsample_bytree': np.float64(0.9742539976883791), 'gamma': np.float64(0.3926703255569718), 'learning_rate': np.float64(0.21069647641426859), 'max_depth': 5, 'min_child_weight': 9, 'n_estimators': 198, 'reg_alpha': np.float64(0.9736638367553173), 'reg_lambda': np.float64(1.0678419494749314), 'subsample': np.float64(0.7221455441377573)}",2506,624,0.27174780526735837
